Unnamed: 0,State,Sex,Year,Name,Count
0,GA,F,1910,Mary,841
1,GA,F,1910,Annie,553
2,GA,F,1910,Mattie,320
3,GA,F,1910,Ruby,279
4,GA,F,1910,Willie,275
5,GA,F,1910,Louise,231
6,GA,F,1910,Lillie,222
7,GA,F,1910,Ethel,207
8,GA,F,1910,Bessie,194
9,GA,F,1910,Rosa,190
10,GA,F,1910,Ruth,189
11,GA,F,1910,Elizabeth,184
12,GA,F,1910,Emma,171
13,GA,F,1910,Marie,166
14,GA,F,1910,Minnie,165
15,GA,F,1910,Carrie,163
16,GA,F,1910,Hattie,163
17,GA,F,1910,Fannie,160
18,GA,F,1910,Sarah,158
19,GA,F,1910,Mamie,152
20,GA,F,1910,Alice,150
21,GA,F,1910,Frances,143
22,GA,F,1910,Mildred,133
23,GA,F,1910,Thelma,133
24,GA,F,1910,Bertha,130
25,GA,F,1910,Gladys,130
26,GA,F,1910,Clara,129
27,GA,F,1910,Martha,127
28,GA,F,1910,Susie,127
29,GA,F,1910,Jessie,124
30,GA,F,1910,Nellie,122
31,GA,F,1910,Essie,121
32,GA,F,1910,Lillian,121
33,GA,F,1910,Lucille,117
34,GA,F,1910,Anna,116
35,GA,F,1910,Eva,115
36,GA,F,1910,Margaret,113
37,GA,F,1910,Ida,112
38,GA,F,1910,Lula,112
39,GA,F,1910,Pearl,112
40,GA,F,1910,Ella,111
41,GA,F,1910,Evelyn,110
42,GA,F,1910,Maggie,110
43,GA,F,1910,Daisy,107
44,GA,F,1910,Julia,107
45,GA,F,1910,Lizzie,106
46,GA,F,1910,Cora,103
47,GA,F,1910,Gertrude,102
48,GA,F,1910,Dorothy,100
49,GA,F,1910,Lucile,100
50,GA,F,1910,Edna,99
51,GA,F,1910,Irene,99
52,GA,F,1910,Helen,98
53,GA,F,1910,Beatrice,96
54,GA,F,1910,Pauline,92
55,GA,F,1910,Sallie,92
56,GA,F,1910,Lois,89
57,GA,F,1910,Viola,89
58,GA,F,1910,Georgia,88
59,GA,F,1910,Laura,88
60,GA,F,1910,Katie,87
61,GA,F,1910,Grace,76
62,GA,F,1910,Lucy,74
63,GA,F,1910,Mae,73
64,GA,F,1910,Alma,72
65,GA,F,1910,Ola,71
66,GA,F,1910,Inez,69
67,GA,F,1910,Myrtle,69
68,GA,F,1910,Josephine,67
69,GA,F,1910,Eula,66
70,GA,F,1910,Eunice,66
71,GA,F,1910,Florence,64
72,GA,F,1910,Sara,63
73,GA,F,1910,Virginia,63
74,GA,F,1910,Alberta,62
75,GA,F,1910,Johnnie,62
76,GA,F,1910,Estelle,60
77,GA,F,1910,Hazel,59
78,GA,F,1910,Janie,58
79,GA,F,1910,Catherine,57
80,GA,F,1910,Sadie,56
81,GA,F,1910,Beulah,55
82,GA,F,1910,Nettie,54
83,GA,F,1910,Addie,53
84,GA,F,1910,Agnes,53
85,GA,F,1910,Rose,53
86,GA,F,1910,Rosie,53
87,GA,F,1910,Flora,51
88,GA,F,1910,Leola,51
89,GA,F,1910,Mabel,51
90,GA,F,1910,Vera,51
91,GA,F,1910,Lottie,50
92,GA,F,1910,Effie,49
93,GA,F,1910,Edith,48
94,GA,F,1910,Lena,47
95,GA,F,1910,Lola,47
96,GA,F,1910,Maude,47
97,GA,F,1910,Dora,46
98,GA,F,1910,Gussie,45
99,GA,F,1910,Nora,39
100,GA,F,1910,Rebecca,39
101,GA,F,1910,Estella,38
102,GA,F,1910,Betty,37
103,GA,F,1910,Elsie,37
104,GA,F,1910,Katherine,37
105,GA,F,1910,Ollie,37
106,GA,F,1910,Ora,37
107,GA,F,1910,Blanche,36
108,GA,F,1910,Jennie,36
109,GA,F,1910,Mable,36
110,GA,F,1910,Ada,34
111,GA,F,1910,Bernice,34
112,GA,F,1910,Cleo,34
113,GA,F,1910,Ann,33
114,GA,F,1910,Doris,33
115,GA,F,1910,Leila,33
116,GA,F,1910,Geneva,32
117,GA,F,1910,Nina,32
118,GA,F,1910,Odessa,32
119,GA,F,1910,Christine,31
120,GA,F,1910,Jewell,31
121,GA,F,1910,Nancy,31
122,GA,F,1910,Della,30
123,GA,F,1910,Kathleen,30
124,GA,F,1910,Leona,30
125,GA,F,1910,Florine,29
126,GA,F,1910,Callie,28
127,GA,F,1910,Lessie,28
128,GA,F,1910,Mollie,28
129,GA,F,1910,Jewel,27
130,GA,F,1910,Josie,27
131,GA,F,1910,Jimmie,26
132,GA,F,1910,Myrtice,26
133,GA,F,1910,Rachel,26
134,GA,F,1910,Dollie,25
135,GA,F,1910,Eloise,25
136,GA,F,1910,Kate,25
137,GA,F,1910,Stella,25
138,GA,F,1910,Henrietta,24
139,GA,F,1910,Nell,24
140,GA,F,1910,Ophelia,24
141,GA,F,1910,Velma,24
142,GA,F,1910,Eleanor,23
143,GA,F,1910,Esther,23
144,GA,F,1910,Marion,23
145,GA,F,1910,Emily,22
146,GA,F,1910,May,22
147,GA,F,1910,Ellen,21
148,GA,F,1910,Pearlie,21
149,GA,F,1910,Allie,20
150,GA,F,1910,Eddie,20
151,GA,F,1910,Etta,20
152,GA,F,1910,Jannie,20
153,GA,F,1910,Lela,20
154,GA,F,1910,Sally,20
155,GA,F,1910,Claudia,19
156,GA,F,1910,Cornelia,19
157,GA,F,1910,Mozelle,19
158,GA,F,1910,Reba,19
159,GA,F,1910,Sue,19
160,GA,F,1910,Victoria,19
161,GA,F,1910,Winnie,19
162,GA,F,1910,Bertie,18
163,GA,F,1910,Flossie,18
164,GA,F,1910,Hannah,18
165,GA,F,1910,Lila,18
166,GA,F,1910,Nannie,18
167,GA,F,1910,Amy,17
168,GA,F,1910,Charlie,17
169,GA,F,1910,Corine,17
170,GA,F,1910,Juanita,17
171,GA,F,1910,Maudie,17
172,GA,F,1910,Opal,17
173,GA,F,1910,Roberta,17
174,GA,F,1910,Vivian,17
175,GA,F,1910,Carolyn,16
176,GA,F,1910,Frankie,16
177,GA,F,1910,Magnolia,16
178,GA,F,1910,Ossie,16
179,GA,F,1910,Willa,16
180,GA,F,1910,Anne,15
181,GA,F,1910,Erma,15
182,GA,F,1910,Evie,15
183,GA,F,1910,Idella,15
184,GA,F,1910,Marjorie,15
185,GA,F,1910,Birdie,14
186,GA,F,1910,Bonnie,14
187,GA,F,1910,Elnora,14
188,GA,F,1910,Hilda,14
189,GA,F,1910,Jane,14
190,GA,F,1910,Lucinda,14
191,GA,F,1910,Luella,14
192,GA,F,1910,Naomi,14
193,GA,F,1910,Olivia,14
194,GA,F,1910,Rosetta,14
195,GA,F,1910,Sylvia,14
196,GA,F,1910,Amelia,13
197,GA,F,1910,Clarice,13
198,GA,F,1910,Lorene,13
199,GA,F,1910,Roxie,13
200,GA,F,1910,Tommie,13
201,GA,F,1910,Verna,13
202,GA,F,1910,Allene,12
203,GA,F,1910,Audrey,12
204,GA,F,1910,Charlotte,12
205,GA,F,1910,Dessie,12
206,GA,F,1910,Francis,12
207,GA,F,1910,Linnie,12
208,GA,F,1910,Margie,12
209,GA,F,1910,Myrtis,12
210,GA,F,1910,Adell,11
211,GA,F,1910,Barbara,11
212,GA,F,1910,Billie,11
213,GA,F,1910,Clifford,11
214,GA,F,1910,Clyde,11
215,GA,F,1910,Connie,11
216,GA,F,1910,Elma,11
217,GA,F,1910,Ernestine,11
218,GA,F,1910,Geraldine,11
219,GA,F,1910,Gracie,11
220,GA,F,1910,Hallie,11
221,GA,F,1910,Idell,11
222,GA,F,1910,Jean,11
223,GA,F,1910,Jeanette,11
224,GA,F,1910,Mandy,11
225,GA,F,1910,Millie,11
226,GA,F,1910,Queen,11
227,GA,F,1910,Rubie,11
228,GA,F,1910,Wilma,11
229,GA,F,1910,Amanda,10
230,GA,F,1910,Cassie,10
231,GA,F,1910,Claire,10
232,GA,F,1910,Claudie,10
233,GA,F,1910,Eliza,10
234,GA,F,1910,Iona,10
235,GA,F,1910,Irma,10
236,GA,F,1910,Lettie,10
237,GA,F,1910,Madge,10
238,GA,F,1910,Marguerite,10
239,GA,F,1910,Maxine,10
240,GA,F,1910,Nona,10
241,GA,F,1910,Patricia,10
242,GA,F,1910,Pinkie,10
243,GA,F,1910,Polly,10
244,GA,F,1910,Rosalie,10
245,GA,F,1910,Susan,10
246,GA,F,1910,Belle,9
247,GA,F,1910,Emmie,9
248,GA,F,1910,Estell,9
249,GA,F,1910,Ila,9
250,GA,F,1910,Iola,9
251,GA,F,1910,Ira,9
252,GA,F,1910,Isabelle,9
253,GA,F,1910,Jeannette,9
254,GA,F,1910,Kathryn,9
255,GA,F,1910,Lee,9
256,GA,F,1910,Letha,9
257,GA,F,1910,Lora,9
258,GA,F,1910,Lorena,9
259,GA,F,1910,Maud,9
260,GA,F,1910,Mozell,9
261,GA,F,1910,Nelle,9
262,GA,F,1910,Rubye,9
263,GA,F,1910,Theresa,9
264,GA,F,1910,Violet,9
265,GA,F,1910,Wilhelmina,9
266,GA,F,1910,Aline,8
267,GA,F,1910,Bennie,8
268,GA,F,1910,Caroline,8
269,GA,F,1910,Cecil,8
270,GA,F,1910,Corene,8
271,GA,F,1910,Corrine,8
272,GA,F,1910,Dolly,8
273,GA,F,1910,Easter,8
274,GA,F,1910,Georgie,8
275,GA,F,1910,Hester,8
276,GA,F,1910,Hettie,8
277,GA,F,1910,Ina,8
278,GA,F,1910,Isabell,8
279,GA,F,1910,Johnie,8
280,GA,F,1910,Lilla,8
281,GA,F,1910,Lilly,8
282,GA,F,1910,Lorine,8
283,GA,F,1910,Lovie,8
284,GA,F,1910,Luevenia,8
285,GA,F,1910,Matilda,8
286,GA,F,1910,Mazie,8
287,GA,F,1910,Miriam,8
288,GA,F,1910,Myra,8
289,GA,F,1910,Nola,8
290,GA,F,1910,Rena,8
291,GA,F,1910,Retha,8
292,GA,F,1910,Rosia,8
293,GA,F,1910,Rossie,8
294,GA,F,1910,Savannah,8
295,GA,F,1910,Sophie,8
296,GA,F,1910,Trudie,8
297,GA,F,1910,Verdie,8
298,GA,F,1910,Bell,7
299,GA,F,1910,Celia,7
300,GA,F,1910,Eldora,7
301,GA,F,1910,George,7
302,GA,F,1910,John,7
303,GA,F,1910,Kattie,7
304,GA,F,1910,Lily,7
305,GA,F,1910,Liza,7
306,GA,F,1910,Lona,7
307,GA,F,1910,Lonie,7
308,GA,F,1910,Ludie,7
309,GA,F,1910,Lue,7
310,GA,F,1910,Mammie,7
311,GA,F,1910,Marian,7
312,GA,F,1910,Maybelle,7
313,GA,F,1910,Mittie,7
314,GA,F,1910,Norma,7
315,GA,F,1910,Ozie,7
316,GA,F,1910,Rita,7
317,GA,F,1910,Ruthie,7
318,GA,F,1910,Zelma,7
319,GA,F,1910,Bettie,6
320,GA,F,1910,Curtis,6
321,GA,F,1910,Donnie,6
322,GA,F,1910,Elmer,6
323,GA,F,1910,Ester,6
324,GA,F,1910,Eugenia,6
325,GA,F,1910,Exie,6
326,GA,F,1910,Fay,6
327,GA,F,1910,Fronie,6
328,GA,F,1910,James,6
329,GA,F,1910,Laurie,6
330,GA,F,1910,Lenora,6
331,GA,F,1910,Leonia,6
332,GA,F,1910,Loretta,6
333,GA,F,1910,Louella,6
334,GA,F,1910,Lulu,6
335,GA,F,1910,Luna,6
336,GA,F,1910,Lydia,6
337,GA,F,1910,Madeline,6
338,GA,F,1910,Maxie,6
339,GA,F,1910,Maybell,6
340,GA,F,1910,Ocie,6
341,GA,F,1910,Otis,6
342,GA,F,1910,Peggy,6
343,GA,F,1910,Robbie,6
344,GA,F,1910,Tressie,6
345,GA,F,1910,Vinnie,6
346,GA,F,1910,Winifred,6
347,GA,F,1910,Adelaide,5
348,GA,F,1910,Adele,5
349,GA,F,1910,Adeline,5
350,GA,F,1910,Adella,5
351,GA,F,1910,Alpha,5
352,GA,F,1910,Angeline,5
353,GA,F,1910,Antoinette,5
354,GA,F,1910,Artie,5
355,GA,F,1910,Aurelia,5
356,GA,F,1910,Azzie,5
357,GA,F,1910,Birtha,5
358,GA,F,1910,Blonnie,5
359,GA,F,1910,Ceola,5
360,GA,F,1910,Corrie,5
361,GA,F,1910,Elease,5
362,GA,F,1910,Ellie,5
363,GA,F,1910,Elva,5
364,GA,F,1910,Era,5
365,GA,F,1910,Florene,5
366,GA,F,1910,Florrie,5
367,GA,F,1910,Gennie,5
368,GA,F,1910,Gertie,5
369,GA,F,1910,Gwendolyn,5
370,GA,F,1910,Harriet,5
371,GA,F,1910,Henry,5
372,GA,F,1910,Iva,5
373,GA,F,1910,Jackie,5
374,GA,F,1910,Joyce,5
375,GA,F,1910,Kizzie,5
376,GA,F,1910,Lannie,5
377,GA,F,1910,Lelia,5
378,GA,F,1910,Linda,5
379,GA,F,1910,Lonnie,5
380,GA,F,1910,Loraine,5
381,GA,F,1910,Louie,5
382,GA,F,1910,Love,5
383,GA,F,1910,Mabell,5
384,GA,F,1910,Madie,5
385,GA,F,1910,Mariah,5
386,GA,F,1910,Melba,5
387,GA,F,1910,Odell,5
388,GA,F,1910,Olga,5
389,GA,F,1910,Olive,5
390,GA,F,1910,Ozella,5
391,GA,F,1910,Patsy,5
392,GA,F,1910,Pennie,5
393,GA,F,1910,Priscilla,5
394,GA,F,1910,Tempie,5
395,GA,F,1910,Tiny,5
396,GA,F,1910,Trudy,5
397,GA,F,1910,Vassie,5
398,GA,F,1910,Vesta,5
399,GA,F,1910,Zola,5
400,GA,F,1911,Mary,893
401,GA,F,1911,Annie,520
402,GA,F,1911,Willie,284
403,GA,F,1911,Ruby,278
404,GA,F,1911,Mattie,265
405,GA,F,1911,Louise,251
406,GA,F,1911,Ruth,229
407,GA,F,1911,Lillie,212
408,GA,F,1911,Ethel,209
409,GA,F,1911,Elizabeth,200
410,GA,F,1911,Bessie,199
411,GA,F,1911,Minnie,170
412,GA,F,1911,Frances,165
413,GA,F,1911,Emma,156
414,GA,F,1911,Mamie,155
415,GA,F,1911,Martha,154
416,GA,F,1911,Marie,149
417,GA,F,1911,Margaret,148
418,GA,F,1911,Rosa,148
419,GA,F,1911,Sarah,148
420,GA,F,1911,Carrie,147
421,GA,F,1911,Gladys,141
422,GA,F,1911,Alice,140
423,GA,F,1911,Thelma,133
424,GA,F,1911,Jessie,132
425,GA,F,1911,Hattie,131
426,GA,F,1911,Mildred,130
427,GA,F,1911,Susie,130
428,GA,F,1911,Fannie,128
429,GA,F,1911,Lucille,127
430,GA,F,1911,Clara,120
431,GA,F,1911,Edna,120
432,GA,F,1911,Lillian,120
433,GA,F,1911,Bertha,119
434,GA,F,1911,Helen,118
435,GA,F,1911,Ella,117
436,GA,F,1911,Ida,109
437,GA,F,1911,Dorothy,108
438,GA,F,1911,Essie,107
439,GA,F,1911,Eva,106
440,GA,F,1911,Anna,101
441,GA,F,1911,Lula,100
442,GA,F,1911,Nellie,100
443,GA,F,1911,Evelyn,99
444,GA,F,1911,Irene,96
445,GA,F,1911,Julia,96
446,GA,F,1911,Pearl,95
447,GA,F,1911,Maggie,91
448,GA,F,1911,Lucile,90
449,GA,F,1911,Laura,89
450,GA,F,1911,Beatrice,87
451,GA,F,1911,Florence,86
452,GA,F,1911,Lizzie,85
453,GA,F,1911,Grace,84
454,GA,F,1911,Pauline,84
455,GA,F,1911,Lois,82
456,GA,F,1911,Daisy,81
457,GA,F,1911,Inez,80
458,GA,F,1911,Cora,79
459,GA,F,1911,Alma,73
460,GA,F,1911,Georgia,73
461,GA,F,1911,Lucy,73
462,GA,F,1911,Viola,73
463,GA,F,1911,Eula,72
464,GA,F,1911,Sara,72
465,GA,F,1911,Katie,70
466,GA,F,1911,Sallie,70
467,GA,F,1911,Mae,69
468,GA,F,1911,Virginia,68
469,GA,F,1911,Hazel,67
470,GA,F,1911,Gertrude,66
471,GA,F,1911,Myrtle,64
472,GA,F,1911,Addie,63
473,GA,F,1911,Eunice,59
474,GA,F,1911,Josephine,59
475,GA,F,1911,Catherine,57
476,GA,F,1911,Agnes,55
477,GA,F,1911,Johnnie,55
478,GA,F,1911,Janie,53
479,GA,F,1911,Estelle,52
480,GA,F,1911,Rose,52
481,GA,F,1911,Ada,51
482,GA,F,1911,Nancy,51
483,GA,F,1911,Alberta,50
484,GA,F,1911,Edith,50
485,GA,F,1911,Vera,50
486,GA,F,1911,Effie,48
487,GA,F,1911,Mabel,48
488,GA,F,1911,Nettie,48
489,GA,F,1911,Rosie,48
490,GA,F,1911,Lena,47
491,GA,F,1911,Gussie,46
492,GA,F,1911,Ollie,46
493,GA,F,1911,Leola,45
494,GA,F,1911,Ola,44
495,GA,F,1911,Lottie,43
496,GA,F,1911,Beulah,41
497,GA,F,1911,Jewell,41
498,GA,F,1911,Katherine,41
499,GA,F,1911,Christine,40
500,GA,F,1911,Doris,40
501,GA,F,1911,Mable,40
502,GA,F,1911,Dora,39
503,GA,F,1911,Bernice,38
504,GA,F,1911,Vivian,37
505,GA,F,1911,Cleo,36
506,GA,F,1911,Elsie,36
507,GA,F,1911,Geneva,36
508,GA,F,1911,Nell,35
509,GA,F,1911,Ora,35
510,GA,F,1911,Maude,34
511,GA,F,1911,Rebecca,34
512,GA,F,1911,Sadie,34
513,GA,F,1911,Ellen,33
514,GA,F,1911,Eloise,33
515,GA,F,1911,Flora,33
516,GA,F,1911,Jennie,33
517,GA,F,1911,Nora,32
518,GA,F,1911,Estella,31
519,GA,F,1911,Anne,30
520,GA,F,1911,Eddie,30
521,GA,F,1911,Leila,30
522,GA,F,1911,Leona,30
523,GA,F,1911,Corine,28
524,GA,F,1911,Lessie,28
525,GA,F,1911,Dollie,27
526,GA,F,1911,Emily,27
527,GA,F,1911,Etta,27
528,GA,F,1911,Allie,25
529,GA,F,1911,Marguerite,25
530,GA,F,1911,Nina,25
531,GA,F,1911,Sally,25
532,GA,F,1911,Stella,25
533,GA,F,1911,Velma,25
534,GA,F,1911,Blanche,24
535,GA,F,1911,Jimmie,24
536,GA,F,1911,Lola,24
537,GA,F,1911,Marjorie,24
538,GA,F,1911,Betty,23
539,GA,F,1911,Eliza,23
540,GA,F,1911,Flossie,23
541,GA,F,1911,Rachel,23
542,GA,F,1911,Callie,22
543,GA,F,1911,Esther,22
544,GA,F,1911,Jewel,22
545,GA,F,1911,Millie,22
546,GA,F,1911,Myrtice,22
547,GA,F,1911,Bonnie,21
548,GA,F,1911,Cornelia,21
549,GA,F,1911,Lila,21
550,GA,F,1911,Willa,21
551,GA,F,1911,Jannie,20
552,GA,F,1911,Juanita,20
553,GA,F,1911,Kathleen,20
554,GA,F,1911,Lela,20
555,GA,F,1911,Roberta,20
556,GA,F,1911,Henrietta,19
557,GA,F,1911,Marion,19
558,GA,F,1911,Amanda,18
559,GA,F,1911,Claudia,18
560,GA,F,1911,Della,18
561,GA,F,1911,Eleanor,18
562,GA,F,1911,Geraldine,18
563,GA,F,1911,Josie,18
564,GA,F,1911,Mollie,18
565,GA,F,1911,Rosalie,18
566,GA,F,1911,Amy,17
567,GA,F,1911,Ann,17
568,GA,F,1911,Georgie,17
569,GA,F,1911,Hilda,17
570,GA,F,1911,Ila,17
571,GA,F,1911,Marian,17
572,GA,F,1911,Naomi,17
573,GA,F,1911,Ophelia,17
574,GA,F,1911,Winnie,17
575,GA,F,1911,Carolyn,16
576,GA,F,1911,Dessie,16
577,GA,F,1911,Francis,16
578,GA,F,1911,Irma,16
579,GA,F,1911,Jane,16
580,GA,F,1911,Odessa,16
581,GA,F,1911,Kate,15
582,GA,F,1911,Opal,15
583,GA,F,1911,Pearlie,15
584,GA,F,1911,Tommie,15
585,GA,F,1911,Zelma,15
586,GA,F,1911,Allene,14
587,GA,F,1911,Belle,14
588,GA,F,1911,Bertie,14
589,GA,F,1911,Clyde,14
590,GA,F,1911,Ernestine,14
591,GA,F,1911,Eugenia,14
592,GA,F,1911,Frankie,14
593,GA,F,1911,Ina,14
594,GA,F,1911,Kathryn,14
595,GA,F,1911,Lorene,14
596,GA,F,1911,Lydia,14
597,GA,F,1911,Roxie,14
598,GA,F,1911,Wilma,14
599,GA,F,1911,Charlie,13
600,GA,F,1911,Idella,13
601,GA,F,1911,Louella,13
602,GA,F,1911,Mozelle,13
603,GA,F,1911,Nannie,13
604,GA,F,1911,Rena,13
605,GA,F,1911,Rubye,13
606,GA,F,1911,Clifford,12
607,GA,F,1911,Elma,12
608,GA,F,1911,Era,12
609,GA,F,1911,Florine,12
610,GA,F,1911,Florrie,12
611,GA,F,1911,Hester,12
612,GA,F,1911,Madie,12
613,GA,F,1911,Mandy,12
614,GA,F,1911,Norma,12
615,GA,F,1911,Queen,12
616,GA,F,1911,Reba,12
617,GA,F,1911,Sylvia,12
618,GA,F,1911,Cassie,11
619,GA,F,1911,Celia,11
620,GA,F,1911,Claudie,11
621,GA,F,1911,Corene,11
622,GA,F,1911,Elnora,11
623,GA,F,1911,Erma,11
624,GA,F,1911,Iris,11
625,GA,F,1911,Mittie,11
626,GA,F,1911,Myra,11
627,GA,F,1911,Susan,11
628,GA,F,1911,Audrey,10
629,GA,F,1911,Birdie,10
630,GA,F,1911,Charlotte,10
631,GA,F,1911,Corinne,10
632,GA,F,1911,Dovie,10
633,GA,F,1911,Ester,10
634,GA,F,1911,Iva,10
635,GA,F,1911,Jeanette,10
636,GA,F,1911,Johnie,10
637,GA,F,1911,Lucinda,10
638,GA,F,1911,May,10
639,GA,F,1911,Olivia,10
640,GA,F,1911,Pinkie,10
641,GA,F,1911,Verna,10
642,GA,F,1911,Aline,9
643,GA,F,1911,Artie,9
644,GA,F,1911,Billie,9
645,GA,F,1911,Bobbie,9
646,GA,F,1911,Connie,9
647,GA,F,1911,Dolly,9
648,GA,F,1911,Evie,9
649,GA,F,1911,Harriet,9
650,GA,F,1911,Imogene,9
651,GA,F,1911,Ira,9
652,GA,F,1911,Lelia,9
653,GA,F,1911,Lona,9
654,GA,F,1911,Lou,9
655,GA,F,1911,Madeline,9
656,GA,F,1911,Magnolia,9
657,GA,F,1911,Margie,9
658,GA,F,1911,Maudie,9
659,GA,F,1911,Nelle,9
660,GA,F,1911,Ocie,9
661,GA,F,1911,Patricia,9
662,GA,F,1911,Polly,9
663,GA,F,1911,Rosetta,9
664,GA,F,1911,Rosia,9
665,GA,F,1911,Sue,9
666,GA,F,1911,Aileen,8
667,GA,F,1911,Barbara,8
668,GA,F,1911,Genevieve,8
669,GA,F,1911,Kattie,8
670,GA,F,1911,Lee,8
671,GA,F,1911,Lilla,8
672,GA,F,1911,Maxine,8
673,GA,F,1911,Odell,8
674,GA,F,1911,Omie,8
675,GA,F,1911,Robbie,8
676,GA,F,1911,Ruthie,8
677,GA,F,1911,Theresa,8
678,GA,F,1911,Victoria,8
679,GA,F,1911,Adele,7
680,GA,F,1911,Amelia,7
681,GA,F,1911,Bell,7
682,GA,F,1911,Bennie,7
683,GA,F,1911,Chloe,7
684,GA,F,1911,Delia,7
685,GA,F,1911,Easter,7
686,GA,F,1911,Elise,7
687,GA,F,1911,Elvira,7
688,GA,F,1911,Emmie,7
689,GA,F,1911,Estell,7
690,GA,F,1911,Hallie,7
691,GA,F,1911,Hortense,7
692,GA,F,1911,Inell,7
693,GA,F,1911,Iona,7
694,GA,F,1911,Jean,7
695,GA,F,1911,Lenora,7
696,GA,F,1911,Linda,7
697,GA,F,1911,Lonnie,7
698,GA,F,1911,Luella,7
699,GA,F,1911,Marietta,7
700,GA,F,1911,Miriam,7
701,GA,F,1911,Mozell,7
702,GA,F,1911,Myrtis,7
703,GA,F,1911,Ossie,7
704,GA,F,1911,Rita,7
705,GA,F,1911,Trudie,7
706,GA,F,1911,Violet,7
707,GA,F,1911,Abbie,6
708,GA,F,1911,Alta,6
709,GA,F,1911,Annette,6
710,GA,F,1911,Arlene,6
711,GA,F,1911,Berta,6
712,GA,F,1911,Bettie,6
713,GA,F,1911,Caroline,6
714,GA,F,1911,Claire,6
715,GA,F,1911,Constance,6
716,GA,F,1911,Dixie,6
717,GA,F,1911,Floy,6
718,GA,F,1911,Harriett,6
719,GA,F,1911,Jonnie,6
720,GA,F,1911,Kitty,6
721,GA,F,1911,Lennie,6
722,GA,F,1911,Letha,6
723,GA,F,1911,Lilly,6
724,GA,F,1911,Lina,6
725,GA,F,1911,Liza,6
726,GA,F,1911,Lora,6
727,GA,F,1911,Loraine,6
728,GA,F,1911,Ludie,6
729,GA,F,1911,Mabell,6
730,GA,F,1911,Madge,6
731,GA,F,1911,Melba,6
732,GA,F,1911,Nadine,6
733,GA,F,1911,Nola,6
734,GA,F,1911,Olive,6
735,GA,F,1911,Piccola,6
736,GA,F,1911,Rubie,6
737,GA,F,1911,Vergie,6
738,GA,F,1911,Vinnie,6
739,GA,F,1911,Annabelle,5
740,GA,F,1911,Azzie,5
741,GA,F,1911,Blanch,5
742,GA,F,1911,Corrine,5
743,GA,F,1911,Donnie,5
744,GA,F,1911,Elmira,5
745,GA,F,1911,Elva,5
746,GA,F,1911,Hannah,5
747,GA,F,1911,Idelle,5
748,GA,F,1911,Iola,5
749,GA,F,1911,Isabel,5
750,GA,F,1911,Janet,5
751,GA,F,1911,Jeannette,5
752,GA,F,1911,Jerry,5
753,GA,F,1911,Joyce,5
754,GA,F,1911,June,5
755,GA,F,1911,Lavada,5
756,GA,F,1911,Lily,5
757,GA,F,1911,Lorena,5
758,GA,F,1911,Lorine,5
759,GA,F,1911,Luna,5
760,GA,F,1911,Matilda,5
761,GA,F,1911,Maybelle,5
762,GA,F,1911,Mazie,5
763,GA,F,1911,Melvina,5
764,GA,F,1911,Odie,5
765,GA,F,1911,Ouida,5
766,GA,F,1911,Ozie,5
767,GA,F,1911,Pecola,5
768,GA,F,1911,Rosalee,5
769,GA,F,1911,Selma,5
770,GA,F,1911,Wilhelmina,5
771,GA,F,1912,Mary,1170
772,GA,F,1912,Annie,633
773,GA,F,1912,Willie,402
774,GA,F,1912,Ruby,346
775,GA,F,1912,Mattie,326
776,GA,F,1912,Louise,320
777,GA,F,1912,Ruth,299
778,GA,F,1912,Lillie,295
779,GA,F,1912,Elizabeth,274
780,GA,F,1912,Sarah,235
781,GA,F,1912,Ethel,226
782,GA,F,1912,Mildred,226
783,GA,F,1912,Emma,211
784,GA,F,1912,Frances,206
785,GA,F,1912,Bessie,205
786,GA,F,1912,Margaret,202
787,GA,F,1912,Rosa,195
788,GA,F,1912,Gladys,194
789,GA,F,1912,Minnie,183
790,GA,F,1912,Carrie,181
791,GA,F,1912,Fannie,180
792,GA,F,1912,Mamie,174
793,GA,F,1912,Martha,173
794,GA,F,1912,Edna,171
795,GA,F,1912,Dorothy,168
796,GA,F,1912,Thelma,166
797,GA,F,1912,Evelyn,163
798,GA,F,1912,Lillian,163
799,GA,F,1912,Jessie,162
800,GA,F,1912,Hattie,161
801,GA,F,1912,Marie,160
802,GA,F,1912,Helen,156
803,GA,F,1912,Julia,155
804,GA,F,1912,Clara,152
805,GA,F,1912,Lucille,150
806,GA,F,1912,Ida,145
807,GA,F,1912,Daisy,142
808,GA,F,1912,Alice,141
809,GA,F,1912,Lois,138
810,GA,F,1912,Essie,136
811,GA,F,1912,Grace,135
812,GA,F,1912,Irene,135
813,GA,F,1912,Bertha,134
814,GA,F,1912,Lucile,131
815,GA,F,1912,Alma,128
816,GA,F,1912,Beatrice,128
817,GA,F,1912,Nellie,127
818,GA,F,1912,Pauline,127
819,GA,F,1912,Lula,126
820,GA,F,1912,Ella,125
821,GA,F,1912,Laura,123
822,GA,F,1912,Maggie,120
823,GA,F,1912,Susie,115
824,GA,F,1912,Anna,113
825,GA,F,1912,Eva,113
826,GA,F,1912,Cora,103
827,GA,F,1912,Georgia,103
828,GA,F,1912,Viola,103
829,GA,F,1912,Virginia,103
830,GA,F,1912,Gertrude,102
831,GA,F,1912,Lucy,102
832,GA,F,1912,Lizzie,100
833,GA,F,1912,Inez,96
834,GA,F,1912,Sara,95
835,GA,F,1912,Pearl,94
836,GA,F,1912,Mae,92
837,GA,F,1912,Myrtle,91
838,GA,F,1912,Katie,88
839,GA,F,1912,Sallie,82
840,GA,F,1912,Catherine,81
841,GA,F,1912,Hazel,80
842,GA,F,1912,Vera,80
843,GA,F,1912,Jewell,74
844,GA,F,1912,Eunice,73
845,GA,F,1912,Agnes,72
846,GA,F,1912,Alberta,71
847,GA,F,1912,Eula,71
848,GA,F,1912,Lena,70
849,GA,F,1912,Christine,67
850,GA,F,1912,Florence,66
851,GA,F,1912,Lottie,66
852,GA,F,1912,Addie,65
853,GA,F,1912,Ola,64
854,GA,F,1912,Rose,64
855,GA,F,1912,Janie,63
856,GA,F,1912,Nancy,63
857,GA,F,1912,Nettie,63
858,GA,F,1912,Bernice,62
859,GA,F,1912,Ollie,62
860,GA,F,1912,Beulah,60
861,GA,F,1912,Estelle,60
862,GA,F,1912,Doris,58
863,GA,F,1912,Ellen,57
864,GA,F,1912,Esther,57
865,GA,F,1912,Rebecca,57
866,GA,F,1912,Johnnie,56
867,GA,F,1912,Josephine,56
868,GA,F,1912,Lola,55
869,GA,F,1912,Nora,55
870,GA,F,1912,Gussie,54
871,GA,F,1912,Edith,53
872,GA,F,1912,Leola,52
873,GA,F,1912,Mabel,52
874,GA,F,1912,Sadie,52
875,GA,F,1912,Dora,51
876,GA,F,1912,Ada,49
877,GA,F,1912,Anne,49
878,GA,F,1912,Vivian,49
879,GA,F,1912,Katherine,48
880,GA,F,1912,Rosie,48
881,GA,F,1912,Leila,47
882,GA,F,1912,Blanche,46
883,GA,F,1912,Effie,46
884,GA,F,1912,Geneva,46
885,GA,F,1912,Ann,45
886,GA,F,1912,Betty,45
887,GA,F,1912,Elsie,43
888,GA,F,1912,Maude,43
889,GA,F,1912,Marjorie,42
890,GA,F,1912,Roberta,40
891,GA,F,1912,Eleanor,39
892,GA,F,1912,Lessie,39
893,GA,F,1912,Mable,37
894,GA,F,1912,Velma,37
895,GA,F,1912,Carolyn,36
896,GA,F,1912,Eloise,36
897,GA,F,1912,Estella,36
898,GA,F,1912,Ora,36
899,GA,F,1912,Marguerite,34
900,GA,F,1912,Della,33
901,GA,F,1912,Jewel,33
902,GA,F,1912,Kathleen,33
903,GA,F,1912,Emily,32
904,GA,F,1912,Jane,32
905,GA,F,1912,Juanita,32
906,GA,F,1912,Marion,32
907,GA,F,1912,Myrtice,32
908,GA,F,1912,Odessa,32
909,GA,F,1912,Cleo,31
910,GA,F,1912,Flora,30
911,GA,F,1912,Jennie,30
912,GA,F,1912,Leona,30
913,GA,F,1912,Nina,30
914,GA,F,1912,Rachel,30
915,GA,F,1912,Etta,29
916,GA,F,1912,Opal,29
917,GA,F,1912,Bertie,28
918,GA,F,1912,Callie,28
919,GA,F,1912,Winnie,28
920,GA,F,1912,Eddie,27
921,GA,F,1912,Florine,27
922,GA,F,1912,Margie,27
923,GA,F,1912,May,27
924,GA,F,1912,Sally,27
925,GA,F,1912,Stella,27
926,GA,F,1912,Tommie,27
927,GA,F,1912,Amanda,26
928,GA,F,1912,Bonnie,26
929,GA,F,1912,Erma,26
930,GA,F,1912,Nell,26
931,GA,F,1912,Ophelia,26
932,GA,F,1912,Pearlie,26
933,GA,F,1912,Frankie,25
934,GA,F,1912,Henrietta,25
935,GA,F,1912,Josie,25
936,GA,F,1912,Kate,25
937,GA,F,1912,Audrey,24
938,GA,F,1912,Allie,23
939,GA,F,1912,Flossie,23
940,GA,F,1912,Irma,23
941,GA,F,1912,Jean,23
942,GA,F,1912,Kathryn,23
943,GA,F,1912,Lila,23
944,GA,F,1912,Charlie,22
945,GA,F,1912,Claudia,22
946,GA,F,1912,Dollie,22
947,GA,F,1912,Ina,22
948,GA,F,1912,Jimmie,22
949,GA,F,1912,Willa,22
950,GA,F,1912,Corine,21
951,GA,F,1912,Eliza,21
952,GA,F,1912,Nannie,21
953,GA,F,1912,Francis,20
954,GA,F,1912,Jannie,20
955,GA,F,1912,Luella,19
956,GA,F,1912,Mollie,19
957,GA,F,1912,Rosetta,19
958,GA,F,1912,Sue,19
959,GA,F,1912,Allene,18
960,GA,F,1912,Amy,18
961,GA,F,1912,Billie,18
962,GA,F,1912,Elma,18
963,GA,F,1912,Emmie,18
964,GA,F,1912,Eugenia,18
965,GA,F,1912,Geraldine,18
966,GA,F,1912,Myrtis,18
967,GA,F,1912,Reba,18
968,GA,F,1912,Rubye,18
969,GA,F,1912,Ernestine,17
970,GA,F,1912,Hilda,17
971,GA,F,1912,Lorene,17
972,GA,F,1912,Ludie,17
973,GA,F,1912,Magnolia,17
974,GA,F,1912,Marian,17
975,GA,F,1912,Miriam,17
976,GA,F,1912,Naomi,17
977,GA,F,1912,Amelia,16
978,GA,F,1912,Belle,16
979,GA,F,1912,Elnora,16
980,GA,F,1912,Johnie,16
981,GA,F,1912,Lela,16
982,GA,F,1912,Millie,16
983,GA,F,1912,Mozelle,16
984,GA,F,1912,Barbara,15
985,GA,F,1912,Connie,15
986,GA,F,1912,Harriet,15
987,GA,F,1912,Linnie,15
988,GA,F,1912,Maud,15
989,GA,F,1912,Mittie,15
990,GA,F,1912,Olivia,15
991,GA,F,1912,Robbie,15
992,GA,F,1912,Susan,15
993,GA,F,1912,Floy,14
994,GA,F,1912,Georgie,14
995,GA,F,1912,Jeanette,14
996,GA,F,1912,Lee,14
997,GA,F,1912,Maudie,14
998,GA,F,1912,Winifred,14
999,GA,F,1912,Annette,13
